{"cameraMode":{"drawMode":0,"name":"Shaded","section":"Shading Mode"},"sceneLighting":false,"audioPlay":false,"sceneViewState":{"m_AlwaysRefresh":false,"showFog":true,"showSkybox":false,"showFlares":true,"showImageEffects":false,"showParticleSystems":true,"showVisualEffectGraphs":true,"m_FxEnabled":true},"in2DMode":false,"pivot":{"x":14.632781982421875,"y":8.68869686126709,"z":3.3798515796661379},"rotation":{"x":-0.002915875054895878,"y":0.6538230180740356,"z":-0.0070716626942157749,"w":0.7585564255714417},"size":13.549756050109864,"orthographic":false}