{"cameraMode":{"drawMode":0,"name":"Shaded","section":"Shading Mode"},"sceneLighting":true,"audioPlay":false,"sceneViewState":{"m_AlwaysRefresh":false,"showFog":true,"showSkybox":true,"showFlares":true,"showImageEffects":true,"showParticleSystems":true,"showVisualEffectGraphs":true,"m_FxEnabled":true},"in2DMode":false,"pivot":{"x":1.6401712894439698,"y":1.8836301565170289,"z":0.6082114577293396},"rotation":{"x":0.12934543192386628,"y":-0.7023772597312927,"z":0.132170632481575,"w":0.6873693466186523},"size":1.6667083501815797,"orthographic":false}