{"cameraMode":{"drawMode":0,"name":"Shaded","section":"Shading Mode"},"sceneLighting":true,"audioPlay":false,"sceneViewState":{"m_AlwaysRefresh":false,"showFog":true,"showSkybox":true,"showFlares":true,"showImageEffects":true,"showParticleSystems":true,"showVisualEffectGraphs":true,"m_FxEnabled":true},"in2DMode":false,"pivot":{"x":-1.9521257877349854,"y":2.824610710144043,"z":-2.509979724884033},"rotation":{"x":0.31045445799827578,"y":-0.16040751338005067,"z":0.05320349708199501,"w":0.9355599880218506},"size":3.3417985439300539,"orthographic":false}